{"stats":{"minecraft:custom":{"minecraft:jump":13,"minecraft:time_since_rest":342,"minecraft:crouch_one_cm":337,"minecraft:damage_taken":510,"minecraft:leave_game":2,"minecraft:sprint_one_cm":559,"minecraft:play_time":11874,"minecraft:walk_one_cm":4610,"minecraft:time_since_death":302,"minecraft:deaths":2,"minecraft:sneak_time":199,"minecraft:total_world_time":11874,"minecraft:fall_one_cm":1350,"minecraft:fly_one_cm":606},"minecraft:mined":{"minecraft:large_fern":1},"minecraft:killed_by":{"smile:weeping_soul":1,"minecraft:skeleton":1}},"DataVersion":3465}